<?xml version="1.0" encoding="UTF-8"?>
<!--
 Copyright (c) 2019 SAP SE or an SAP affiliate company. All rights reserved.
-->
<beans xmlns="http://www.springframework.org/schema/beans"
       xmlns:xsi="http://www.w3.org/2001/XMLSchema-instance"
       xmlns:aop="http://www.springframework.org/schema/aop"
       xmlns:context="http://www.springframework.org/schema/context"
       xsi:schemaLocation="http://www.springframework.org/schema/beans
           http://www.springframework.org/schema/beans/spring-beans.xsd
           http://www.springframework.org/schema/aop
           http://www.springframework.org/schema/aop/spring-aop.xsd
           http://www.springframework.org/schema/context
           http://www.springframework.org/schema/context/spring-context.xsd">
           
    <context:annotation-config/> 

	<bean id="demoCMSComponentRenderer" parent="genericAddOnCMSComponentRenderer" />

	<bean id="demoCMSComponentRendererMapping" parent="addonCmsComponentRendererMapping">
		<property name="typeCode" value="DemoCMSComponent"/>
		<property name="renderer" value="demoCMSComponentRenderer"/>
	</bean>


	<!-- Expose /acceleratoraddon/web/webroot/WEB-INF/messages/base.js.properties  resource bundle as javascript variables -->
	<bean id="defaultDemocmstypeaddonJavaScriptMessageResourceAccessor" parent="abstractJavaScriptMessageResourceAccessor">
		<property name="addOnName" value="democmstypeaddon"/>
	</bean>

	<bean id="defaultDemocmstypeaddonBeforeViewJsPropsHandlerAdaptee" parent="abstractBeforeViewJsPropsHandlerAdaptee" class="de.hybris.platform.addonsupport.interceptors.ExportJsPropertiesBeforeViewHandler">
		<property name="messageSource" ref="defaultDemocmstypeaddonJavaScriptMessageResourceAccessor"/>
	</bean>

	<bean id="getDemocmstypeaddonBeforeViewHandler" parent="beforeViewHandlerAdapter">
		<property name="adaptee">
			<ref bean="defaultDemocmstypeaddonBeforeViewJsPropsHandlerAdaptee"/>
		</property>
	</bean>
	<bean id="DemocmstypeaddonBeforeViewHandlerListMergeDirective" depends-on="beforeViewHandlersList" parent="listMergeDirective">
		<property name="add" ref="getDemocmstypeaddonBeforeViewHandler"/>
	</bean>

</beans>
